Workbook

Sheet Dashboard
B1: Shadow-veto tracker
B3: Trade-platform · nieuwe LLM-config · doel: 20 afgewikkelde vetoes voor go/no-go
B5: VETO-CATEGORIE
B6: Alle
B9: VETOES GELOGD | E9: VETO-PRECISIE | H9: €-WAARDE VETOES OPVOLGEN | K9: GEM. CONF ONTERECHTE VETOES
B10: =COUNTIFS(Data!$E$2:$E$300,IF($B$6="Alle","*",$B$6)) | E10: =IFERROR(COUNTIFS(Data!$E$2:$E$300,IF($B$6="Alle","*",$B$6),Data!$M$2:$M$300,"Terecht")/(COUNTIFS(Data!$E$2:$E$300,IF($B$6="Alle","*",$B$6),Data!$K$2:$K$300,"TP")+COUNTIFS(Data!$E$2:$E$300,IF($B$6="Alle","*",$B$6),Data!$K$2:$K$300,"SL")),0) | H10: =-(SUMIFS(Data!$L$2:$L$300,Data!$E$2:$E$300,IF($B$6="Alle","*",$B$6),Data!$K$2:$K$300,"TP")+SUMIFS(Data!$L$2:$L$300,Data!$E$2:$E$300,IF($B$6="Alle","*",$B$6),Data!$K$2:$K$300,"SL")) | K10: =IFERROR(AVERAGEIFS(Data!$G$2:$G$300,Data!$E$2:$E$300,IF($B$6="Alle","*",$B$6),Data!$M$2:$M$300,"Onterecht"),0)
B11: =CONCATENATE((COUNTIFS(Data!$E$2:$E$300,IF($B$6="Alle","*",$B$6),Data!$K$2:$K$300,"TP")+COUNTIFS(Data!$E$2:$E$300,IF($B$6="Alle","*",$B$6),Data!$K$2:$K$300,"SL"))," afgewikkeld / 20 doel") | E11: =CONCATENATE("95% marge ± ",TEXT(IFERROR(1.96*SQRT(IFERROR(COUNTIFS(Data!$E$2:$E$300,IF($B$6="Alle","*",$B$6),Data!$M$2:$M$300,"Terecht")/(COUNTIFS(Data!$E$2:$E$300,IF($B$6="Alle","*",$B$6),Data!$K$2:$K$300,"TP")+COUNTIFS(Data!$E$2:$E$300,IF($B$6="Alle","*",$B$6),Data!$K$2:$K$300,"SL")),0)*(1-IFERROR(COUNTIFS(Data!$E$2:$E$300,IF($B$6="Alle","*",$B$6),Data!$M$2:$M$300,"Terecht")/(COUNTIFS(Data!$E$2:$E$300,IF($B$6="Alle","*",$B$6),Data!$K$2:$K$300,"TP")+COUNTIFS(Data!$E$2:$E$300,IF($B$6="Alle","*",$B$6),Data!$K$2:$K$300,"SL")),0))/(COUNTIFS(Data!$E$2:$E$300,IF($B$6="Alle","*",$B$6),Data!$K$2:$K$300,"TP")+COUNTIFS(Data!$E$2:$E$300,IF($B$6="Alle","*",$B$6),Data!$K$2:$K$300,"SL"))),0),"0.0%")) | H11: =CONCATENATE("over ",(COUNTIFS(Data!$E$2:$E$300,IF($B$6="Alle","*",$B$6),Data!$K$2:$K$300,"TP")+COUNTIFS(Data!$E$2:$E$300,IF($B$6="Alle","*",$B$6),Data!$K$2:$K$300,"SL"))," afgewikkeld") | K11: =CONCATENATE("conf terecht: ",TEXT(IFERROR(AVERAGEIFS(Data!$G$2:$G$300,Data!$E$2:$E$300,IF($B$6="Alle","*",$B$6),Data!$M$2:$M$300,"Terecht"),0),"0.00"))
B13: DIAGNOSE PER VETO-REDEN
B14: Veto-categorie | C14: Afgew. | D14: Terecht | E14: Precisie | F14: €-impact opvolgen
B15: Mean-reversion | C15: =(COUNTIFS(Data!$E$2:$E$300,$B15,Data!$K$2:$K$300,"TP")+COUNTIFS(Data!$E$2:$E$300,$B15,Data!$K$2:$K$300,"SL")) | D15: =COUNTIFS(Data!$E$2:$E$300,$B15,Data!$M$2:$M$300,"Terecht") | E15: =IFERROR(COUNTIFS(Data!$E$2:$E$300,$B15,Data!$M$2:$M$300,"Terecht")/(COUNTIFS(Data!$E$2:$E$300,$B15,Data!$K$2:$K$300,"TP")+COUNTIFS(Data!$E$2:$E$300,$B15,Data!$K$2:$K$300,"SL")),0) | F15: =-(SUMIFS(Data!$L$2:$L$300,Data!$E$2:$E$300,$B15,Data!$K$2:$K$300,"TP")+SUMIFS(Data!$L$2:$L$300,Data!$E$2:$E$300,$B15,Data!$K$2:$K$300,"SL"))
B16: Data-integriteit | C16: =(COUNTIFS(Data!$E$2:$E$300,$B16,Data!$K$2:$K$300,"TP")+COUNTIFS(Data!$E$2:$E$300,$B16,Data!$K$2:$K$300,"SL")) | D16: =COUNTIFS(Data!$E$2:$E$300,$B16,Data!$M$2:$M$300,"Terecht") | E16: =IFERROR(COUNTIFS(Data!$E$2:$E$300,$B16,Data!$M$2:$M$300,"Terecht")/(COUNTIFS(Data!$E$2:$E$300,$B16,Data!$K$2:$K$300,"TP")+COUNTIFS(Data!$E$2:$E$300,$B16,Data!$K$2:$K$300,"SL")),0) | F16: =-(SUMIFS(Data!$L$2:$L$300,Data!$E$2:$E$300,$B16,Data!$K$2:$K$300,"TP")+SUMIFS(Data!$L$2:$L$300,Data!$E$2:$E$300,$B16,Data!$K$2:$K$300,"SL"))
B17: Liquiditeit/Spread | C17: =(COUNTIFS(Data!$E$2:$E$300,$B17,Data!$K$2:$K$300,"TP")+COUNTIFS(Data!$E$2:$E$300,$B17,Data!$K$2:$K$300,"SL")) | D17: =COUNTIFS(Data!$E$2:$E$300,$B17,Data!$M$2:$M$300,"Terecht") | E17: =IFERROR(COUNTIFS(Data!$E$2:$E$300,$B17,Data!$M$2:$M$300,"Terecht")/(COUNTIFS(Data!$E$2:$E$300,$B17,Data!$K$2:$K$300,"TP")+COUNTIFS(Data!$E$2:$E$300,$B17,Data!$K$2:$K$300,"SL")),0) | F17: =-(SUMIFS(Data!$L$2:$L$300,Data!$E$2:$E$300,$B17,Data!$K$2:$K$300,"TP")+SUMIFS(Data!$L$2:$L$300,Data!$E$2:$E$300,$B17,Data!$K$2:$K$300,"SL"))
B18: Volatiliteit | C18: =(COUNTIFS(Data!$E$2:$E$300,$B18,Data!$K$2:$K$300,"TP")+COUNTIFS(Data!$E$2:$E$300,$B18,Data!$K$2:$K$300,"SL")) | D18: =COUNTIFS(Data!$E$2:$E$300,$B18,Data!$M$2:$M$300,"Terecht") | E18: =IFERROR(COUNTIFS(Data!$E$2:$E$300,$B18,Data!$M$2:$M$300,"Terecht")/(COUNTIFS(Data!$E$2:$E$300,$B18,Data!$K$2:$K$300,"TP")+COUNTIFS(Data!$E$2:$E$300,$B18,Data!$K$2:$K$300,"SL")),0) | F18: =-(SUMIFS(Data!$L$2:$L$300,Data!$E$2:$E$300,$B18,Data!$K$2:$K$300,"TP")+SUMIFS(Data!$L$2:$L$300,Data!$E$2:$E$300,$B18,Data!$K$2:$K$300,"SL"))
B19: Overig | C19: =(COUNTIFS(Data!$E$2:$E$300,$B19,Data!$K$2:$K$300,"TP")+COUNTIFS(Data!$E$2:$E$300,$B19,Data!$K$2:$K$300,"SL")) | D19: =COUNTIFS(Data!$E$2:$E$300,$B19,Data!$M$2:$M$300,"Terecht") | E19: =IFERROR(COUNTIFS(Data!$E$2:$E$300,$B19,Data!$M$2:$M$300,"Terecht")/(COUNTIFS(Data!$E$2:$E$300,$B19,Data!$K$2:$K$300,"TP")+COUNTIFS(Data!$E$2:$E$300,$B19,Data!$K$2:$K$300,"SL")),0) | F19: =-(SUMIFS(Data!$L$2:$L$300,Data!$E$2:$E$300,$B19,Data!$K$2:$K$300,"TP")+SUMIFS(Data!$L$2:$L$300,Data!$E$2:$E$300,$B19,Data!$K$2:$K$300,"SL"))
B20: Totaal | C20: =(COUNTIF(Data!$K$2:$K$300,"TP")+COUNTIF(Data!$K$2:$K$300,"SL")) | D20: =COUNTIF(Data!$M$2:$M$300,"Terecht") | E20: =IFERROR(COUNTIF(Data!$M$2:$M$300,"Terecht")/(COUNTIF(Data!$K$2:$K$300,"TP")+COUNTIF(Data!$K$2:$K$300,"SL")),0) | F20: =-(SUMIF(Data!$K$2:$K$300,"TP",Data!$L$2:$L$300)+SUMIF(Data!$K$2:$K$300,"SL",Data!$L$2:$L$300))

Sheet Settings
A1: Keuzelijsten | B1: Uitkomst | C1: Veto-categorie | E1: Filter
B2: TP | C2: Mean-reversion | E2: Alle
B3: SL | C3: Data-integriteit | E3: Mean-reversion
B4: Open | C4: Liquiditeit/Spread | E4: Data-integriteit
C5: Volatiliteit | E5: Liquiditeit/Spread
C6: Overig | E6: Volatiliteit
E7: Overig

Sheet Data
A1: ID | B1: Datum | C1: Paar | D1: Entry-signaal | E1: Veto-categorie | F1: Veto-reden (detail) | G1: LLM-conf | H1: Entry € | I1: TP € | J1: SL € | K1: Uitkomst | L1: Fictieve P&L € (na fees) | M1: Veto-oordeel | N1: Opmerking
A2: VB-01 | B2: 46221 | C2: ETH-EUR | D2: EMA-up + verse MACD-flip (momentum) | E2: Mean-reversion | F2: 3% boven Bollinger, 24h +1,35% | G2: 0.7 | H2: 2450 | I2: 2560 | J2: 2400 | K2: TP | L2: 42 | M2: =IF(K2="SL","Terecht",IF(K2="TP","Onterecht","")) | N2: Voorbeeld: LLM vetode, trade liep door naar TP -> onterecht
M3: =IF(K3="SL","Terecht",IF(K3="TP","Onterecht",""))
M4: =IF(K4="SL","Terecht",IF(K4="TP","Onterecht",""))
M5: =IF(K5="SL","Terecht",IF(K5="TP","Onterecht",""))
M6: =IF(K6="SL","Terecht",IF(K6="TP","Onterecht",""))
M7: =IF(K7="SL","Terecht",IF(K7="TP","Onterecht",""))
M8: =IF(K8="SL","Terecht",IF(K8="TP","Onterecht",""))
M9: =IF(K9="SL","Terecht",IF(K9="TP","Onterecht",""))
M10: =IF(K10="SL","Terecht",IF(K10="TP","Onterecht",""))
M11: =IF(K11="SL","Terecht",IF(K11="TP","Onterecht",""))
M12: =IF(K12="SL","Terecht",IF(K12="TP","Onterecht",""))
M13: =IF(K13="SL","Terecht",IF(K13="TP","Onterecht",""))
M14: =IF(K14="SL","Terecht",IF(K14="TP","Onterecht",""))
... M300: =IF(K300="SL","Terecht",IF(K300="TP","Onterecht",""))
